{"cameraMode":{"drawMode":0,"name":"Shaded","section":"Shading Mode"},"sceneLighting":true,"audioPlay":false,"sceneViewState":{"showFog":true,"showMaterialUpdate":false,"showSkybox":true,"showFlares":true,"showImageEffects":true,"showParticleSystems":true},"in2DMode":false,"pivot":{"x":-9.893516540527344,"y":2.89302134513855,"z":18.236324310302736},"rotation":{"x":-0.0038159959949553015,"y":0.9904615879058838,"z":-0.1348479688167572,"w":-0.029436690732836725},"size":2.620176076889038,"orthographic":false}