{"cameraMode":{"drawMode":0,"name":"Shaded","section":"Shading Mode"},"sceneLighting":true,"audioPlay":false,"sceneViewState":{"showFog":true,"showMaterialUpdate":false,"showSkybox":true,"showFlares":true,"showImageEffects":true,"showParticleSystems":true},"in2DMode":false,"pivot":{"x":-1.5390377044677735,"y":12.601353645324707,"z":17.638816833496095},"rotation":{"x":-0.12045351415872574,"y":0.8635028004646301,"z":-0.4238596558570862,"w":-0.24539527297019959},"size":9.49463176727295,"orthographic":false}