{"cameraMode":{"drawMode":0,"name":"Shaded","section":"Shading Mode"},"sceneLighting":true,"audioPlay":false,"sceneViewState":{"showFog":true,"showMaterialUpdate":false,"showSkybox":false,"showFlares":true,"showImageEffects":true,"showParticleSystems":true},"in2DMode":false,"pivot":{"x":-1.1280031204223633,"y":4.850000381469727,"z":5.970999717712402},"rotation":{"x":0.19366078078746797,"y":0.6841975450515747,"z":-0.19623161852359773,"w":0.6752190589904785},"size":37.647029876708987,"orthographic":false}