{"cameraMode":{"drawMode":0,"name":"Shaded","section":"Shading Mode"},"sceneLighting":true,"audioPlay":false,"sceneViewState":{"showFog":true,"showMaterialUpdate":false,"showSkybox":true,"showFlares":true,"showImageEffects":true,"showParticleSystems":true},"in2DMode":false,"pivot":{"x":-9.859261512756348,"y":0.14941978454589845,"z":1.7648926973342896},"rotation":{"x":0.01787368766963482,"y":0.8493213653564453,"z":-0.5269449353218079,"w":0.028559021651744844},"size":2.934319019317627,"orthographic":false}